feature,importance,rank
transact,0.04894774797503107,1
attachInterface,0.04675942126467218,2
android.os.Binder,0.0451449835478447,3
READ_PHONE_STATE,0.04206296349219731,4
Ljava.lang.Class.getCanonicalName,0.03910322094596252,5
TelephonyManager.getDeviceId,0.0347136596782356,6
onServiceConnected,0.033947234746336166,7
ServiceConnection,0.03117225072665759,8
bindService,0.02961519913400832,9
SEND_SMS,0.0244642483202971,10
TelephonyManager.getLine1Number,0.022107040353040563,11
TelephonyManager.getSubscriberId,0.021809219335273123,12
Ljava.lang.Class.cast,0.020521786247328717,13
Ljava.lang.Class.getMethods,0.018145818337686467,14
android.content.pm.Signature,0.017366555107320047,15
Landroid.content.Context.unregisterReceiver,0.014223002451698885,16
android.telephony.SmsManager,0.013332120887481732,17
ClassLoader,0.01256967719872204,18
Landroid.content.Context.registerReceiver,0.012522387073444725,19
READ_HISTORY_BOOKMARKS,0.012054533215492396,20
Ljava.net.URLDecoder,0.011902154778762792,21
chmod,0.01164442412026013,22
Ljava.lang.Class.getField,0.01154091005008269,23
INTERNET,0.011377316542198064,24
WRITE_HISTORY_BOOKMARKS,0.0107665144026863,25
getBinder,0.010766360822679032,26
READ_SMS,0.010102629449349214,27
RECEIVE_SMS,0.009496092422150269,28
android.intent.action.BOOT_COMPLETED,0.00935213389782996,29
GET_ACCOUNTS,0.009096866422225958,30
ACCESS_COARSE_LOCATION,0.008793568555247955,31
TelephonyManager.getSimSerialNumber,0.008065250085314052,32
ACCESS_WIFI_STATE,0.007864621793754438,33
Runtime.exec,0.007521720335558389,34
/system/bin,0.006715419482260588,35
android.telephony.gsm.SmsManager,0.006710724448494375,36
Ljava.lang.Class.getMethod,0.0063295721709820925,37
DexClassLoader,0.006255684932268557,38
Ljava.lang.Class.getResource,0.006117150444616092,39
Ljavax.crypto.spec.SecretKeySpec,0.0060253820858075,40
HttpUriRequest,0.00577423207342291,41
MANAGE_ACCOUNTS,0.0056635190931387455,42
System.loadLibrary,0.005563040232694991,43
WRITE_EXTERNAL_STORAGE,0.005496026122415588,44
RECEIVE_BOOT_COMPLETED,0.005478637997651058,45
android.content.pm.PackageInfo,0.005457002327417638,46
HttpGet.init,0.005375849169857298,47
WAKE_LOCK,0.005347306080643766,48
findClass,0.005317744911847571,49
HttpPost.init,0.005249087777865067,50
ACCESS_FINE_LOCATION,0.005202468058929032,51
Runtime.getRuntime,0.005188566412100479,52
android.intent.action.SEND,0.004999650128539256,53
Ljava.lang.Class.getDeclaredField,0.004981363079998327,54
TelephonyManager.getNetworkOperator,0.0049701904175025605,55
Ljava.lang.Object.getClass,0.0048074880073605665,56
Ljava.lang.Class.forName,0.004586329333010785,57
ACCESS_NETWORK_STATE,0.0045370479666385485,58
WRITE_SETTINGS,0.004406857316816112,59
WRITE_SMS,0.004401948610889161,60
USE_CREDENTIALS,0.004396728101180584,61
getCallingUid,0.004394733915945992,62
mount,0.004292343930683262,63
SecretKey,0.0042490397961950435,64
KeySpec,0.004248154318157144,65
GET_TASKS,0.004217753215778736,66
Binder,0.004214295787023873,67
onBind,0.004154805092353177,68
IBinder,0.003964489267632564,69
CAMERA,0.0038349072478169326,70
VIBRATE,0.003822086118139939,71
abortBroadcast,0.003818893393270872,72
android.intent.action.TIME_SET,0.0036373895585012726,73
Ljava.lang.Class.getPackage,0.0036106172147140243,74
Ljavax.crypto.Cipher,0.0034793754207823463,75
PackageInstaller,0.0033132500842967525,76
TelephonyManager.getSimOperator,0.0032976529480962104,77
android.os.IBinder,0.0031797531259660904,78
READ_CONTACTS,0.0031609583103732936,79
android.intent.action.PACKAGE_REPLACED,0.0028237971482358674,80
CHANGE_WIFI_STATE,0.0026941912450948596,81
READ_SYNC_SETTINGS,0.0026681892407715434,82
ACCESS_LOCATION_EXTRA_COMMANDS,0.0026170091386461198,83
remount,0.0025480377982251374,84
TelephonyManager.getSimCountryIso,0.0025083413857442793,85
CALL_PHONE,0.0024748747619788044,86
INSTALL_PACKAGES,0.0024223456637108894,87
RESTART_PACKAGES,0.0022584692865832644,88
createSubprocess,0.0021001518161655676,89
MODIFY_PHONE_STATE,0.0020899839510278404,90
divideMessage,0.0020786217648209415,91
/system/app,0.0019688668735705645,92
WRITE_APN_SETTINGS,0.001961435298024262,93
RECORD_AUDIO,0.0019607990399452906,94
AUTHENTICATE_ACCOUNTS,0.0019168276505652183,95
CHANGE_NETWORK_STATE,0.0018180116453130372,96
TelephonyManager.isNetworkRoaming,0.0017956326952237609,97
DISABLE_KEYGUARD,0.0017504811892780033,98
android.intent.action.PACKAGE_ADDED,0.001707517066054065,99
BLUETOOTH_ADMIN,0.0016852547575253074,100
BLUETOOTH,0.001639934292859331,101
sendDataMessage,0.0016084364776652032,102
SET_WALLPAPER,0.0016006879473419917,103
BROADCAST_STICKY,0.0015965492459435585,104
READ_LOGS,0.00158631662331469,105
NFC,0.0015672828082848767,106
android.intent.action.TIMEZONE_CHANGED,0.0015190138403531144,107
WRITE_CONTACTS,0.0015129461623156198,108
MODIFY_AUDIO_SETTINGS,0.0014740672210845106,109
SYSTEM_ALERT_WINDOW,0.0014476717837511829,110
chown,0.001420181936378979,111
IRemoteService,0.0013405577466577964,112
READ_EXTERNAL_STORAGE,0.0013087768877872636,113
android.intent.action.PACKAGE_REMOVED,0.0012613361634717121,114
BIND_WALLPAPER,0.0011821086725586345,115
TelephonyManager.getCallState,0.0011793880711137793,116
PROCESS_OUTGOING_CALLS,0.0011619790921181322,117
WRITE_SYNC_SETTINGS,0.0011550770262083656,118
Ljava.lang.Class.getClasses,0.0011523672864591765,119
ProcessBuilder,0.0011166184978780675,120
defineClass,0.0010425831124462681,121
WRITE_SECURE_SETTINGS,0.001029596970516686,122
android.intent.action.SEND_MULTIPLE,0.001028640662522068,123
READ_CALENDAR,0.0010273002027523014,124
sendMultipartTextMessage,0.0009733559971890872,125
android.intent.action.NEW_OUTGOING_CALL,0.0009521396073952673,126
KILL_BACKGROUND_PROCESSES,0.0009277692106677392,127
MOUNT_UNMOUNT_FILESYSTEMS,0.0008807190335550511,128
BIND_REMOTEVIEWS,0.0008777210906627752,129
DELETE_PACKAGES,0.000828310620754005,130
CHANGE_CONFIGURATION,0.0007377704870976999,131
READ_SYNC_STATS,0.0007192129466986008,132
PERSISTENT_ACTIVITY,0.0006685791085846236,133
BATTERY_STATS,0.0006679087111026051,134
FLASHLIGHT,0.0006505657057123855,135
URLClassLoader,0.0006217669689682745,136
android.intent.action.ACTION_POWER_CONNECTED,0.0006068006940673254,137
READ_PROFILE,0.0006025620741573081,138
WRITE_CALENDAR,0.0006013407788960178,139
CLEAR_APP_CACHE,0.0005730822446754157,140
GLOBAL_SEARCH,0.0005434409574702522,141
DEVICE_POWER,0.0005363496550118157,142
ACCESS_MOCK_LOCATION,0.0005228415122365389,143
android.intent.action.ACTION_SHUTDOWN,0.0005222398680904028,144
STATUS_BAR,0.0005122463872019164,145
CHANGE_WIFI_MULTICAST_STATE,0.0005029827832266124,146
MASTER_CLEAR,0.00048550745382491324,147
BIND_INPUT_METHOD,0.0004790202010797497,148
CLEAR_APP_USER_DATA,0.0004787723065583506,149
READ_CALL_LOG,0.00046993572718862913,150
ACCESS_SURFACE_FLINGER,0.0004651502672169458,151
SET_PREFERRED_APPLICATIONS,0.0004637837842105553,152
getCallingPid,0.0004585299730703024,153
PathClassLoader,0.00044604020478333935,154
Ljava.lang.Class.getDeclaredClasses,0.00044565366452181454,155
REBOOT,0.00041927663502036285,156
DELETE_CACHE_FILES,0.00041058934046488116,157
GET_PACKAGE_SIZE,0.0004043950455249188,158
BROADCAST_SMS,0.00040349607721094157,159
EXPAND_STATUS_BAR,0.0003975628167899096,160
BIND_DEVICE_ADMIN,0.0003791512090903814,161
SET_ALARM,0.00035629014740595115,162
android.intent.action.SCREEN_OFF,0.00031527331276596095,163
android.intent.action.SENDTO,0.00029800613835631346,164
Runtime.load,0.00029207238494953226,165
SET_ORIENTATION,0.00028639722966939107,166
android.intent.action.PACKAGE_CHANGED,0.0002852141423293468,167
RECEIVE_MMS,0.0002825404140253749,168
CALL_PRIVILEGED,0.00027990913407534794,169
RECEIVE_WAP_PUSH,0.0002750684724923777,170
android.intent.action.ACTION_POWER_DISCONNECTED,0.00027251828787773263,171
WRITE_CALL_LOG,0.00026306117062734654,172
android.intent.action.SET_WALLPAPER,0.00024153910137887413,173
ACCOUNT_MANAGER,0.00024052116705124284,174
CONTROL_LOCATION_UPDATES,0.00022967313676377815,175
android.intent.action.PACKAGE_DATA_CLEARED,0.00022762986515269793,176
android.intent.action.SCREEN_ON,0.0002251960542725608,177
CHANGE_COMPONENT_ENABLED_STATE,0.00021057601623568383,178
SUBSCRIBED_FEEDS_READ,0.00020710866036619536,179
BROADCAST_WAP_PUSH,0.00019851647002260377,180
HARDWARE_TEST,0.00018975975094526017,181
WRITE_GSERVICES,0.00016568857004027967,182
SET_WALLPAPER_HINTS,0.00016329839406934113,183
android.intent.action.PACKAGE_RESTARTED,0.00015703313711362715,184
BIND_APPWIDGET,0.00015489704003031858,185
android.intent.action.CALL,0.00015266363563274984,186
INSTALL_LOCATION_PROVIDER,0.00012375251612327013,187
READ_USER_DICTIONARY,0.00010455462608999966,188
UPDATE_DEVICE_STATS,0.00010047962648644509,189
SET_TIME_ZONE,9.369813296982925e-05,190
DUMP,7.987413326749941e-05,191
REORDER_TASKS,7.87354726347841e-05,192
READ_FRAME_BUFFER,7.835751099420845e-05,193
SET_TIME,7.775774698295109e-05,194
INTERNAL_SYSTEM_WINDOW,7.450176755694229e-05,195
android.intent.action.CALL_BUTTON,6.80912406922219e-05,196
android.intent.action.BATTERY_LOW,6.203247509634835e-05,197
WRITE_USER_DICTIONARY,5.864578998446011e-05,198
android.intent.action.BATTERY_OKAY,5.79437580350789e-05,199
SUBSCRIBED_FEEDS_WRITE,4.429984523239631e-05,200
SET_PROCESS_LIMIT,4.253937286056002e-05,201
MOUNT_FORMAT_FILESYSTEMS,4.25259886306585e-05,202
BIND_ACCESSIBILITY_SERVICE,3.928431171360985e-05,203
SET_ACTIVITY_WATCHER,3.7625489296661707e-05,204
READ_SOCIAL_STREAM,3.492568362219213e-05,205
ADD_VOICEMAIL,3.3460456404124124e-05,206
WRITE_PROFILE,3.106937173309862e-05,207
intent.action.RUN,2.7213075508948193e-05,208
Context.bindService,2.4160354022593487e-05,209
Process.start,1.905129120605057e-05,210
MessengerService,1.6752218348203533e-05,211
Runtime.loadLibrary,5.655898754047695e-06,212
WRITE_SOCIAL_STREAM,3.8777240331773784e-06,213
BIND_VPN_SERVICE,2.5754660130933316e-06,214
BIND_TEXT_SERVICE,2.1282768837822456e-06,215
